{"cameraMode":{"drawMode":0,"name":"Shaded","section":"Shading Mode"},"sceneLighting":false,"audioPlay":false,"sceneViewState":{"showFog":true,"showMaterialUpdate":false,"showSkybox":false,"showFlares":true,"showImageEffects":true,"showParticleSystems":true},"in2DMode":false,"pivot":{"x":579.5555419921875,"y":544.888916015625,"z":0.0},"rotation":{"x":0.014998787082731724,"y":-0.008998870849609375,"z":0.00013498999760486186,"w":0.9998476505279541},"size":632.9526977539063,"orthographic":true}